{"cameraMode":{"drawMode":0,"name":"Shaded","section":"Shading Mode"},"sceneLighting":true,"audioPlay":false,"sceneViewState":{"m_AlwaysRefresh":false,"showFog":true,"showSkybox":true,"showFlares":true,"showImageEffects":true,"showParticleSystems":true,"showVisualEffectGraphs":true,"m_FxEnabled":true},"in2DMode":false,"pivot":{"x":19.21382713317871,"y":5.128416061401367,"z":-10.889181137084961},"rotation":{"x":0.006194665562361479,"y":-0.9930816292762756,"z":0.06597594916820526,"w":0.09783662855625153},"size":0.7668560743331909,"orthographic":false}